time,open,high,low,close
1389736800,92.58,94.61,92.46,94.33
1389823200,94.32,94.62,93.63,94.07
1389909600,94.05,94.91,93.97,94.09
1390168800,94,94.17,93.45,93.72
1390255200,93.92,95.43,93.92,95.23
1390341600,95.22,96.86,95.15,96.68
1390428000,96.67,97.81,96.44,97.35
1390514400,97.36,97.77,96.29,96.86
1390773600,96.88,97.15,95.24,95.68
1390860000,95.67,97.62,95.65,97.19
1390946400,97.2,97.69,96.4,97.43
1391032800,97.44,98.56,97.38,98.06
1391119200,98.04,98.34,97.13,97.45
1391378400,97.32,97.91,96.29,96.6
1391464800,96.61,97.67,96.4,97.61
1391551200,97.62,98.22,96.84,97.28
1391637600,97.27,98.79,97.27,97.93
1391724000,97.91,100.2,97.17,100.06
1391983200,100.02,100.51,99.13,99.91
1392069600,99.92,100.46,99.63,100.45
1392156000,100.44,101.35,100.07,100.29
1392242400,100.29,100.63,99.44,100.33
1392328800,100.34,100.44,99.47,100.34
1392588000,100.29,101.11,100.26,100.87
1392674400,100.83,103.11,100.6,103.11
1392760800,103.1,103.77,102.43,103.35
1392847200,103.37,103.4,102.31,102.84
1392933600,102.83,102.9,101.72,102.35
1393192800,102.33,103.42,102,102.8
1393279200,102.79,102.84,101.07,102.03
1393365600,102.04,102.86,101.61,102.53
1393452000,102.52,103.05,101.79,102.05
1393538400,102.03,102.93,101.86,102.65
1393797600,102.94,105.19,102.94,104.79
1393884000,104.78,104.92,102.9,103.34
1393970400,103.35,103.5,100.88,100.92
1394056800,100.93,102.05,100.19,101.92
1394143200,101.93,102.88,101.6,102.62
1394402400,102.72,102.77,100.88,100.91
1394488800,100.93,101.49,99.42,99.47
1394575200,99.49,99.57,97.59,98.06
1394661600,98.11,98.57,97.7,98.21
1394748000,98.22,99.23,98.09,99.02
1395007200,99.28,99.32,97.4,97.95
1395093600,97.95,99.75,97.78,99.51
1395180000,99.47,100.43,99.37,100.36
1395266400,99.14,99.42,98.11,98.6
1395352800,98.61,100.23,98.29,99.51
1395612000,99.47,100.26,99.08,99.41
1395698400,99.42,100.23,98.84,99.14
1395784800,99.16,100.43,99.13,100.27
1395871200,100.25,101.67,100.06,101.32
1395957600,101.32,102.2,101.21,101.58
1396216800,101.55,101.94,100.92,101.49
1396303200,101.51,101.52,99.31,99.65
1396389600,99.65,99.8,98.89,99.26
1396476000,99.29,100.47,99.1,100.4
1396562400,100.35,101.59,100.33,101.09
1396821600,101.1,101.29,99.94,100.71
1396908000,100.67,102.69,100.67,102.33
1396994400,102.33,103.74,102.06,103.4
1397080800,103.38,103.8,103.13,103.33
1397167200,103.31,104.41,103.04,103.38
1397426400,103.38,104.53,103.38,103.55
1397512800,103.62,104.01,102.98,103.84
1397599200,103.73,104.96,103.16,103.78
1397685600,103.8,104.75,103.41,104.54
1397772000,104.54,104.54,104.54,104.54
1398031200,104.54,104.73,102.99,103.56
1398117600,103.58,103.63,101.53,101.8
1398204000,101.88,102.05,101.23,101.55
1398290400,101.51,102.33,101.44,101.83
1398376800,101.9,102.03,100.51,100.61
1398636000,100.61,101.49,100.34,100.84
1398722400,100.84,102.18,100.73,100.73
1398808800,100.73,100.73,99.39,99.66
1398895200,99.7,99.86,98.78,99.19
1398981600,99.15,100.11,99.15,99.91
1399240800,99.91,100.4,98.95,99.38
1399327200,99.37,100.39,99.35,99.85
1399413600,99.82,100.96,99.81,100.81
1399500000,100.78,100.91,99.9,100.24
1399586400,100.22,101.14,99.76,100.01
1399845600,100.01,100.91,99.95,100.59
1399932000,100.61,102,100.39,101.93
1400018400,101.88,102.64,101.86,101.99
1400104800,101.99,102.24,101.3,101.52
1400191200,101.52,102.2,101.42,102.09
1400450400,102.09,103.05,101.56,102.13
1400536800,102.08,102.98,101.71,102.94
1400623200,102.93,104.26,102.81,103.81
1400709600,103.81,104.19,103.58,103.73
1400796000,103.71,104.49,103.65,104.36
1401055200,104.36,104.36,103.95,104.18
1401141600,104.24,104.47,103.59,103.95
1401228000,104.11,104.37,102.68,103.06
1401314400,103.01,103.91,102.63,103.48
1401400800,103.36,103.53,102.43,102.83
1401660000,102.83,103.32,102.13,102.43
1401746400,102.4,102.83,102.26,102.81
1401832800,102.77,103.65,102.36,102.36
1401919200,102.34,102.66,101.61,102.44
1402005600,102.36,103.05,102.33,102.74
1402264800,102.74,104.55,102.65,104.45
1402351200,104.46,105.04,104.01,104.2
1402437600,104.29,104.79,104.19,104.45
1402524000,104.44,106.93,104.38,106.85
1402610400,106.79,107.65,106.39,106.78
1402869600,106.78,107.51,106.55,106.55
1402956000,106.56,107.16,106.04,106.59
1403042400,106.58,106.96,105.64,106.05
1403128800,105.73,106.69,105.14,106.03
1403215200,106.07,106.9,105.84,106.65
1403474400,106.65,107.34,105.94,106.03
1403560800,106.02,106.44,105.29,105.9
1403647200,106.12,107.45,105.51,106.75
1403733600,106.72,106.79,105.06,105.63
1403820000,105.6,106.16,105.36,105.7
1404079200,105.7,105.72,104.69,105.45
1404165600,105.43,106.07,104.63,105.23
1404252000,105.2,105.5,104.13,104.19
1404338400,104.26,104.26,103.69,104.05
1404424800,104.04,104.1,103.66,103.78
1404684000,103.78,104.06,103.21,103.37
1404770400,103.38,104.18,103.04,103.42
1404856800,103.43,103.57,101.87,101.87
1404943200,101.9,102.99,101.56,102.84
1405029600,102.84,102.89,100.46,100.66
1405288800,100.66,101.17,100.26,101.03
1405375200,100.92,101.04,99.04,100.12
1405461600,100.17,101.57,100.09,101.48
1405548000,101.47,103.87,101.3,103.7
1405634400,103.74,103.91,102,102.95
1405893600,102.95,103.07,101.51,102.75
1405980000,102.73,103.36,101.93,101.93
1406066400,101.95,103.31,101.81,103.25
1406152800,103.2,103.29,101.91,101.95
1406239200,102,102.51,101.03,101.94
1406498400,101.94,102.07,100.93,101.52
1406584800,101.59,101.79,100.41,101
1406671200,101,101.64,99.4,99.4
1406757600,99.41,99.84,97.6,97.6
1406844000,97.67,98.08,97.11,97.58
1407103200,97.58,98.65,97.46,98.39
1407189600,98.35,98.64,97.04,97.56
1407276000,97.6,98.11,96.75,96.8
1407362400,96.85,97.69,96.58,97.59
1407448800,97.59,98.41,97.19,97.54
1407708000,97.54,98.55,97.4,97.81
1407794400,97.8,97.91,96.86,97.13
1407880800,97.2,97.75,96.78,97.3
1407967200,97.25,97.56,95.29,95.45
1408053600,95.45,97.39,95.35,97.05
1408312800,97.05,97.14,95.84,96.5
1408399200,96.55,97.02,94.29,94.56
1408485600,92.8,93.54,92.76,93.45
1408572000,93.45,94.42,92.6,93.85
1408658400,93.86,94.03,92.96,93.4
1408917600,93.4,93.93,93.06,93.28
1409004000,93.34,94.31,93.34,93.8
1409090400,93.84,94.21,93.39,93.68
1409176800,93.72,94.69,93.49,94.55
1409263200,94.53,95.98,94.5,95.84
1409522400,95.84,95.89,95.54,95.74
1409608800,95.74,95.86,92.71,93.23
1409695200,93.24,95.8,93.09,95.05
1409781600,95.06,95.36,94.19,94.55
1409868000,94.53,94.97,92.89,93.5
1410127200,93.5,93.59,91.83,93.08
1410213600,93.08,93.92,92.55,92.71
1410300000,92.75,93,91.24,91.64
1410386400,91.69,93.41,90.46,93.03
1410472800,93.01,93.64,91.99,92.21
1410732000,92.21,93,90.76,92.77
1410818400,92.78,95.17,92.49,94.68
1410904800,94.67,95.03,93.76,93.96
1410991200,93.95,94.79,92.91,92.95
1411077600,92.95,92.99,91.18,91.7
1411336800,91.7,91.89,90.43,90.64
1411423200,90.79,92.06,90.7,91.68
1411509600,91.66,93.26,91.15,92.85
1411596000,92.9,93.51,92.08,92.44
1411682400,92.42,93.84,92.26,93.39
1411941600,93.39,94.61,92.77,94.31
1412028000,94.29,94.89,90.89,91.29
1412114400,91.34,92.94,90.51,90.67
1412200800,90.7,91.54,88.21,91.36
1412287200,91.35,91.76,89.39,89.7
1412546400,89.7,90.71,88.81,90.43
1412632800,90.43,90.54,88.39,88.39
1412719200,88.42,88.61,86.86,87.66
1412805600,87.7,87.91,84.14,84.3
1412892000,84.35,86.26,83.63,85.51
1413151200,85.51,85.84,84.11,84.93
1413237600,84.94,85.58,81.35,82.25
1413324000,82.32,82.41,80.05,81.03
1413410400,80.98,84.79,79.81,83.03
1413496800,83.14,84.41,82.48,82.9
1413756000,82.9,83.15,80.81,81.8
1413842400,81.83,83.24,81.61,82.51
1413928800,82.54,83.11,80.26,80.34
1414015200,80.34,82.34,80.08,81.83
1414101600,81.92,81.92,80.39,81.24
1414360800,81.24,81.24,79.48,80.6
1414447200,80.61,81.64,80.39,81.55
1414533600,81.58,82.85,81.46,81.93
1414620000,81.92,82.06,80.75,80.94
1414706400,81,81.24,79.56,80.65
1414965600,80.65,80.96,78.11,78.23
1415052000,78.23,78.38,75.94,77.43
1415138400,77.42,79.32,76.49,78.9
1415224800,78.87,79,77.15,77.85
1415311200,77.84,79.38,77.49,78.54
1415570400,78.53,79.82,77.16,77.18
1415656800,77.19,78.01,76.46,77.44
1415743200,77.47,78.06,76.66,76.95
1415829600,76.95,77.13,74.11,74.23
1415916000,74.23,76.26,73.29,75.9
1416175200,75.87,76.15,74.74,75.45
1416261600,75.44,76.39,74.16,74.2
1416348000,74.19,75.39,73.91,74.35
1416434400,74.33,76.23,74.23,76.23
1416520800,76.23,77.79,75.64,76.64
1416780000,76.66,76.99,75.53,75.66
1416866400,75.68,76.55,73.75,73.86
1416952800,73.85,74.42,73.33,73.5
1417039200,73.48,73.54,67.78,69.04
1417125600,68.82,69.59,65.88,65.95
1417384800,67.39,69.51,63.76,69.21
1417471200,69.2,69.34,66.71,67.55
1417557600,67.55,68.19,66.83,67.24
1417644000,67.23,68.19,66.11,66.75
1417730400,66.77,66.84,65.19,65.59
1417989600,65.6,65.6,62.8,62.99
1418076000,63.01,64.11,62.28,63.41
1418162400,63.4,63.43,60.46,61.1
1418248800,61.11,61.65,59.09,59.19
1418335200,59.18,59.54,57.36,57.43
1418594400,57.43,58.7,55.05,55.26
1418680800,55.24,57.12,53.64,55.39
1418767200,55.38,58.94,54.24,56.73
1418853600,56.08,59.01,54.08,55
1418940000,55.22,58.38,54.45,57.85
1419199200,58.08,58.5,55.16,55.3
1419285600,55.28,57.52,55.1,56.6
1419372000,56.63,57.12,55.1,55.61
1419458400,55.61,55.61,55.61,55.61
1419544800,55.61,56.56,54.54,55.06
1419804000,55.07,55.71,52.92,53.69
1419890400,53.69,54.29,52.73,53.8
1419976800,53.82,53.99,52.47,53.71
1420149600,53.74,54.85,52.06,52.62
1420408800,52.56,52.65,49.71,49.87
1420495200,49.88,50.34,47.59,48.01
1420581600,48.01,49.29,46.86,48.79
1420668000,48.77,49.62,47.76,48.96
1420754400,48.95,49.59,47.19,48.13
1421013600,48.24,48.24,45.68,45.68
1421100000,45.69,47,44.23,46.18
1421186400,46.19,48.89,45.04,48.43
1421272800,48.44,51.44,46.11,46.25
1421359200,46.26,49.31,45.99,48.48
1421618400,48.85,49.18,47.4,47.88
1421704800,47.9,48.22,46.15,46.6
1421791200,46.6,48.17,46.31,47.36
1421877600,47.33,49.14,45.66,46.43
1421964000,46.44,47.73,45.29,45.29
1422223200,45.36,46.36,44.38,45.02
1422309600,45.03,46.54,44.65,45.73
1422396000,45.73,45.79,44.09,44.34
1422482400,44.36,44.94,43.5,44.39
1422568800,44.4,48.34,44.19,47.69
1422828000,47.68,50.25,46.69,49.95
1422914400,49.96,54.21,49.67,51.58
1423000800,51.59,52.54,47.86,48.51
1423087200,48.51,52.06,47.3,50.63
1423173600,50.63,53.14,50.63,52.11
1423432800,52.1,53.94,51.42,52.57
1423519200,52.56,52.62,49.62,50.89
1423605600,50.89,51.06,47.89,49.35
1423692000,49.33,51.57,49.16,51.14
1423778400,51.12,53.41,51.05,52.64
1424037600,52.65,53.59,52.14,52.74
1424124000,52.91,54.09,50.84,53.19
1424210400,53.19,53.38,50.49,50.49
1424296800,50.47,52.69,49.84,52.04
1424383200,52.03,52.45,50.74,50.76
1424642400,50.75,50.96,48.69,49.41
1424728800,49.4,50.29,48.73,49.04
1424815200,49.05,51.25,48.5,50.99
1424901600,50.98,51.16,47.84,48.95
1424988000,48.95,49.91,48.49,49.41
1425247200,49.36,51.01,48.74,49.8
1425333600,49.81,50.78,49.47,50.53
1425420000,50.51,51.96,49.61,51.63
1425506400,51.63,52.38,50.64,50.9
1425592800,50.91,51.21,48.91,49.69
1425852000,49.7,50.76,49.28,49.98
1425938400,50.06,50.34,48.23,48.62
1426024800,48.71,49.02,47.36,48.41
1426111200,48.39,48.74,46.89,46.91
1426197600,46.89,47.25,44.78,44.95
1426456800,44.95,44.95,42.89,43.77
1426543200,43.77,44.17,42.39,42.39
1426629600,42.5,45.32,42.06,44.7
1426716000,44.52,44.7,42.78,43.81
1426802400,45.65,47.39,44.84,46.44
1427061600,46.44,47.59,45.36,47.46
1427148000,47.44,48.53,46.69,47.54
1427234400,47.62,49.43,47.03,48.93
1427320800,49,52.46,48.76,50.93
1427407200,51.01,51.35,48.24,48.31
1427666400,48.31,49.13,47.64,48.69
1427752800,48.7,48.7,47.31,47.48
1427839200,47.53,50.42,47.06,49.52
1427925600,49.55,50.24,48.14,49.44
1428012000,49.49,49.49,49.49,49.49
1428271200,49.49,52.21,49.49,51.95
1428357600,51.94,54.09,51.2,53.19
1428444000,53.15,53.18,50.41,50.93
1428530400,50.97,52.04,50.54,50.62
1428616800,50.69,51.89,50.11,51.71
1428876000,51.71,53.06,51.51,51.97
1428962400,51.96,53.76,51.85,53.4
1429048800,53.45,56.66,53.41,55.89
1429135200,55.9,57.39,55.11,56.51
1429221600,56.55,56.86,55.34,55.99
1429480800,55.99,57.16,54.91,56.45
1429567200,57.9,58.04,56.16,56.22
1429653600,56.32,57.16,55.72,56.15
1429740000,56.24,58.37,55.79,57.45
1429826400,57.49,57.88,56.51,57.23
1430085600,57.23,57.86,56.56,56.6
1430172000,56.62,57.79,56.11,56.89
1430258400,56.93,59.31,56.56,58.52
1430344800,58.55,59.81,58.4,59.75
1430431200,59.77,59.85,58.34,59.15
1430690400,59.15,59.71,58.49,58.98
1430776800,58.93,61.06,58.66,60.65
1430863200,60.71,62.56,60.55,60.65
1430949600,60.64,61.3,58.51,58.98
1431036000,58.95,59.86,58.17,59.36
1431295200,59.36,59.84,58.78,59.29
1431381600,59.25,61.34,59.15,61.13
1431468000,61.21,61.82,60.03,60.03
1431554400,60.07,60.8,59.39,59.65
1431640800,59.67,59.94,58.44,59.88
1431900000,59.88,60.86,59.08,59.54
1431986400,60.3,60.39,57.96,58.25
1432072800,58.29,59.03,58.13,58.72
1432159200,58.79,60.91,58.73,60.64
1432245600,60.64,60.77,59.38,59.86
1432504800,59.86,60.22,59.13,59.78
1432591200,59.81,59.91,57.74,58.3
1432677600,58.3,58.92,57.38,57.45
1432764000,57.6,58.03,56.54,57.95
1432850400,57.94,60.67,57.75,60.25
1433109600,60.25,60.57,59.36,60.17
1433196000,60.17,61.55,60.11,61.01
1433282400,61,61.26,59.36,59.58
1433368800,59.55,59.91,57.86,57.9
1433455200,57.93,59.21,56.86,58.91
1433714400,58.91,59.1,57.89,58.25
1433800800,58.25,60.64,58.25,60.53
1433887200,60.55,61.8,60.46,61.08
1433973600,61.12,61.5,60.24,60.47
1434060000,60.54,60.6,59.76,60.01
1434319200,60.01,60.01,58.76,59.56
1434405600,59.58,60.34,59.44,60
1434492000,60.02,61.35,58.89,59.71
1434578400,59.75,60.85,59.26,60.48
1434664800,60.48,60.91,58.92,59.76
1434924000,59.76,60.61,59.3,60.2
1435010400,60.19,61.36,59.59,61.04
1435096800,61.18,61.54,59.83,60.19
1435183200,60.08,60.43,59.46,59.59
1435269600,59.63,59.94,58.79,59.63
1435528800,59.63,59.63,58.06,58.26
1435615200,58.25,59.66,57.96,58.86
1435701600,59.05,59.08,56.71,56.84
1435788000,56.87,57.92,56.46,56.46
1435874400,56.39,56.76,55.44,55.59
1436133600,55.59,55.59,52.44,52.64
1436220000,52.73,53.41,50.61,52.93
1436306400,52.89,52.93,50.94,51.78
1436392800,51.8,53.51,51.53,52.47
1436479200,52.47,53.81,51.99,52.78
1436738400,52.78,53.14,51.3,51.99
1436824800,51.98,53.4,50.91,53.33
1436911200,53.37,53.48,51.24,51.6
1436997600,51.61,52.14,50.86,50.9
1437084000,50.89,51.21,50.16,50.78
1437343200,50.78,51.56,49.88,50.2
1437429600,50.23,51.37,50.11,50.6
1437516000,50.66,50.67,49.06,49.14
1437602400,49.2,49.6,48.24,48.83
1437688800,48.76,49,47.75,48.08
1437948000,48.08,48.19,46.95,46.95
1438034400,47.05,48.41,46.71,47.75
1438120800,47.77,49.49,47.41,48.84
1438207200,48.81,49.34,48.36,48.39
1438293600,48.44,48.59,46.73,46.78
1438552800,46.78,46.91,45.11,45.27
1438639200,45.27,46.2,45.27,45.95
1438725600,45.94,46.67,44.86,45.1
1438812000,45.13,45.24,44.23,44.75
1438898400,44.79,45.12,43.73,43.76
1439157600,43.76,44.99,43.4,44.81
1439244000,44.79,45.31,42.73,43.22
1439330400,43.24,43.85,42.83,43.25
1439416800,43.31,43.69,41.94,42.16
1439503200,42.21,42.94,41.73,42.16
1439762400,42.16,42.66,41.66,41.82
1439848800,41.85,42.87,41.46,42.35
1439935200,42.38,43.14,40.44,40.89
1440021600,40.9,41.79,40.54,40.91
1440108000,41,41.37,39.89,40.25
1440367200,40.25,40.45,37.78,38.05
1440453600,38.18,39.86,38.18,39.47
1440540000,39.56,39.83,38.55,38.84
1440626400,38.96,42.83,38.96,42.77
1440712800,42.66,45.87,41.81,45.27
1440972000,45.27,49.3,43.63,48.14
1441058400,48.08,48.84,44.11,44.11
1441144800,44.21,46.74,43.24,45.97
1441231200,46.07,48.39,45.69,46.64
1441317600,46.65,47.18,45.69,45.76
1441576800,45.76,45.9,44.23,44.23
1441663200,44.22,46.38,44.17,45.72
1441749600,45.73,46.23,44.05,44.05
1441836000,44.12,46.02,43.4,45.69
1441922400,45.66,45.85,44.19,44.72
1442181600,44.72,44.94,43.62,44.1
1442268000,44.08,45.22,43.95,45.11
1442354400,45.12,47.32,44.84,47.11
1442440800,47.13,47.69,46.36,46.79
1442527200,46.86,47,44.27,44.89
1442786400,44.89,46.71,44.73,46.45
1442872800,46.68,46.71,45.4,46.54
1442959200,46.51,47.13,44.43,44.61
1443045600,44.6,45.15,43.74,45.05
1443132000,45.03,46.33,44.88,45.39
1443391200,45.39,45.46,44.33,44.46
1443477600,44.44,45.68,44.37,44.84
1443564000,44.89,45.83,44.71,45.32
1443650400,45.34,47.06,44.66,45.01
1443736800,45.06,45.78,44.01,45.62
1443996000,45.62,46.9,45.24,46.23
1444082400,46.17,49.05,45.76,49.02
1444168800,48.97,49.68,47.73,48.12
1444255200,48.15,50.02,47.8,49.65
1444341600,49.66,50.9,49.2,49.49
1444600800,49.52,50.11,47.07,47.41
1444687200,47.45,48.41,46.48,46.58
1444773600,46.65,46.93,45.97,46.24
1444860000,46.27,46.99,45.26,46.87
1444946400,46.89,47.47,46.19,47.25
1445205600,47.25,47.47,45.86,46.2
1445292000,46.56,46.9,45.75,45.89
1445378400,45.85,46.05,44.89,45.22
1445464800,45.24,46.07,44.92,45.42
1445551200,45.42,45.72,44.24,44.63
1445810400,44.63,44.91,43.67,43.7
1445896800,43.77,43.88,42.62,43.38
1445983200,43.42,46.19,43.1,46.14
1446069600,46.04,46.74,45.19,45.72
1446156000,45.71,47,45.51,46.37
1446415200,46.36,46.7,45.59,46.06
1446501600,46.06,48.33,45.99,47.66
1446588000,47.65,48.26,46.2,46.53
1446674400,46.53,46.62,45.14,45.36
1446760800,45.35,45.62,44.14,44.5
1447020000,44.51,45.09,43.67,44.07
1447106400,44.06,44.73,43.6,43.61
1447192800,43.6,44.08,42.65,43.02
1447279200,43.01,43.29,41.56,41.57
1447365600,41.58,42.18,40.25,40.7
1447624800,40.71,42.22,40.09,42.03
1447711200,42.03,42.03,40.6,41.09
1447797600,41.08,41.52,39.94,40.64
1447884000,40.63,41.03,39.92,40.48
1447970400,40.48,42.73,40.48,41.45
1448229600,41.46,42.72,40.44,41.98
1448316000,41.97,43.43,41.88,42.61
1448402400,42.6,43.21,41.75,43.18
1448488800,43.18,43.27,42.32,42.49
1448575200,42.42,42.72,41.7,41.92
1448834400,41.92,42.58,41.53,41.66
1448920800,41.66,42.2,41.2,41.64
1449007200,41.64,41.95,39.87,40.09
1449093600,40.09,41.74,40.09,41.26
1449180000,41.25,41.97,39.64,40.11
1449439200,40.11,40.12,37.53,37.61
1449525600,37.63,38.55,36.66,37.82
1449612000,37.81,38.95,36.9,37.17
1449698400,37.18,37.51,36.41,36.53
1449784800,36.54,36.81,35.19,35.33
1450044000,35.32,36.67,34.56,36.23
1450130400,36.22,37.86,36.05,36.73
1450216800,36.72,37.32,35.32,35.71
1450303200,35.71,35.81,34.66,34.79
1450389600,34.79,35.54,34.3,34.53
1450648800,34.53,36.07,34.53,35.76
1450735200,35.76,36.52,35.69,36.45
1450821600,36.43,37.89,36.3,37.85
1450908000,37.85,38.25,37.41,38.09
1450994400,37.98,37.98,37.98,37.98
1451253600,37.98,38.06,36.66,36.66
1451340000,36.66,37.91,36.66,37.31
1451426400,37.31,37.37,36.42,36.79
1451512800,36.79,37.75,36.25,37.05
1451858400,37.5,38.36,36.36,36.86
1451944800,36.86,37.07,35.77,36.12
1452031200,36.13,36.34,33.8,34.03
1452117600,34.02,34.23,32.13,33.25
1452204000,33.25,34.3,32.67,32.86
1452463200,32.88,33.18,30.91,31.09
1452549600,31.09,32.18,29.96,30.56
1452636000,30.56,31.68,30.13,30.55
1452722400,30.54,31.74,30.31,31.18
1452808800,31.18,31.18,29.15,29.67
1453068000,29.67,29.82,28.4,28.91
1453154400,28.95,30.17,28.24,28.26
1453240800,28.26,29.72,27.58,28.3
1453327200,28.29,30.22,27.9,29.8
1453413600,29.83,32.32,29.56,32.23
1453672800,32.23,32.71,29.71,29.79
1453759200,29.78,32.38,29.28,30.5
1453845600,30.5,32.81,30.17,32.13
1453932000,32.13,34.79,31.76,33.7
1454018400,33.7,34.38,32.68,33.73
1454277600,33.66,34.1,31.3,31.3
1454364000,31.3,31.5,29.6,29.67
1454450400,29.66,32.72,29.43,32.72
1454536800,32.72,33.57,31.56,31.66
1454623200,31.67,32.4,30.65,30.97
1454882400,30.98,31.35,29.6,30.1
1454968800,30.1,30.59,27.76,28.28
1455055200,28.29,29.18,27.28,27.31
1455141600,27.29,27.45,26.08,27.24
1455228000,27.25,29.64,26.98,29.05
1455487200,29.07,30.12,28.98,29.73
1455573600,30.01,31.48,28.74,29.1
1455660000,29.09,31.41,28.76,31.41
1455746400,31.4,31.94,30.3,30.6
1455832800,30.58,30.71,29.08,29.69
1456092000,29.7,33.81,29.67,33.33
1456178400,33.36,33.5,31.25,31.32
1456264800,31.36,32.38,30.58,32.21
1456351200,32.2,33.46,31.1,33.05
1456437600,33.02,34.66,32.69,32.83
1456696800,32.81,33.95,32.35,33.87
1456783200,33.86,34.74,33.4,33.83
1456869600,33.85,35.12,33.58,34.71
1456956000,34.71,35.29,34.22,34.65
1457042400,34.65,36.28,34.44,36.28
1457301600,36.29,38.08,36.12,37.96
1457388000,37.95,38.36,36.17,36.29
1457474400,36.29,38.47,36.27,38.17
1457560800,38.14,38.45,37.24,37.96
1457647200,37.96,38.99,37.95,38.45
1457906400,38.45,38.68,36.7,37.37
1457992800,37.33,37.38,35.99,36.72
1458079200,36.71,38.6,36.64,38.58
1458165600,38.53,40.33,38.5,40.29
1458252000,40.23,41.18,39.29,39.34
1458511200,39.42,41.77,39.42,41.57
1458597600,41.61,41.86,40.8,41.2
1458684000,41.18,41.29,39.7,39.75
1458770400,39.71,39.74,38.36,39.56
1458856800,39.54,39.54,39.54,39.54
1459116000,39.44,40.11,38.89,39.29
1459202400,39.29,39.45,37.94,38.45
1459288800,38.51,39.82,38.17,38.28
1459375200,38.28,39.01,37.61,38.08
1459461600,38.12,38.46,36.62,36.62
1459720800,36.68,37.19,35.48,35.48
1459807200,35.46,36.54,35.27,36.54
1459893600,36.51,37.88,36.46,37.67
1459980000,37.72,38.26,36.72,37.47
1460066400,37.53,39.82,37.48,39.65
1460325600,39.63,40.72,39.28,40.31
1460412000,40.32,42.22,40.12,41.6
1460498400,41.6,42.39,41.27,41.51
1460584800,41.52,42.13,40.87,41.39
1460671200,41.38,41.71,40.01,40.39
1460930400,40.38,40.38,37.64,40
1461016800,39.99,41.51,39.6,40.93
1461103200,42.26,44.23,41.33,43.91
1461189600,43.95,44.47,43.08,43.42
1461276000,43.39,44.42,43.13,43.72
1461535200,43.7,44.01,42.61,42.96
1461621600,42.95,44.8,42.53,44.61
1461708000,44.59,45.58,43.79,45.29
1461794400,45.27,46.11,44.97,45.82
1461880800,45.88,46.76,45.27,45.88
1462140000,45.98,46.12,44.57,44.89
1462226400,44.9,45.33,43.35,43.83
1462312800,43.82,44.85,43.25,44.02
1462399200,44.01,46.04,43.99,44.5
1462485600,44.5,45.32,43.56,44.55
1462744800,44.58,45.91,43.23,43.23
1462831200,43.22,44.77,43.06,44.58
1462917600,44.56,46.33,43.99,45.98
1463004000,45.97,47,45.63,46.39
1463090400,46.38,46.46,45.78,46.33
1463349600,46.3,47.95,46.17,47.87
1463436000,47.88,48.73,47.55,48.49
1463522400,48.5,48.92,47.78,47.81
1463608800,47.84,48.73,46.77,48.68
1463695200,48.67,49.26,47.98,48.45
1463954400,48.45,48.47,47.43,48.09
1464040800,48.06,49.24,47.67,49.07
1464127200,49.06,49.73,48.68,49.68
1464213600,49.67,50.18,49.24,49.28
1464300000,49.29,49.57,48.72,49.47
1464559200,49.48,49.7,49.1,49.58
1464645600,49.62,50.08,48.84,48.85
1464732000,48.8,49.23,47.78,48.9
1464818400,48.89,49.45,48,48.99
1464904800,49,49.38,48.35,48.79
1465164000,48.82,49.87,48.74,49.69
1465250400,49.69,50.5,49.47,50.39
1465336800,50.41,51.59,50.35,51.44
1465423200,51.42,51.64,50.26,50.41
1465509600,50.45,50.7,48.83,48.84
1465768800,48.93,49.25,48.18,48.54
1465855200,48.5,48.67,47.86,47.86
1465941600,47.88,48.7,47.31,47.41
1466028000,47.45,47.72,45.94,45.97
1466114400,45.96,48.26,45.87,48.22
1466373600,48.1,49.4,48.1,49.17
1466460000,49.78,50.38,48.88,50.18
1466546400,50.2,50.51,48.43,48.94
1466632800,49.11,50.28,49.11,50.28
1466719200,50.28,50.42,46.74,47.56
1466978400,47.58,47.93,45.87,46.59
1467064800,46.56,48.14,46.56,48.04
1467151200,48.05,49.97,48.01,49.51
1467237600,49.51,49.59,48.2,48.38
1467324000,48.34,49.27,47.93,49.22
1467583200,49.21,49.33,48.71,48.73
1467669600,48.7,48.71,46.36,46.79
1467756000,46.8,47.92,45.96,47.85
1467842400,47.82,48.23,44.91,45.17
1467928800,45.19,45.94,44.8,45.11
1468188000,45.18,45.74,44.45,44.52
1468274400,44.55,46.9,44.54,46.6
1468360800,46.56,46.66,44.6,45.09
1468447200,45.11,45.77,44.98,45.44
1468533600,45.48,46.3,45.08,46.27
1468792800,46.28,46.28,44.89,45.12
1468879200,45.2,45.64,44.46,44.55
1468965600,45.44,46.1,44.58,45.6
1469052000,45.63,46.06,44.51,44.51
1469138400,44.59,44.94,43.77,44.23
1469397600,44.19,44.34,43,43.03
1469484000,43.05,43.35,42.4,42.62
1469570400,42.62,43.17,41.71,41.88
1469656800,41.89,42.19,41.07,41.07
1469743200,41.09,41.64,40.6,41.37
1470002400,41.42,41.85,39.85,40.06
1470088800,40.05,40.88,39.29,39.7
1470175200,39.68,41.17,39.23,41.14
1470261600,41.12,42.05,40.46,41.79
1470348000,41.8,42.07,41.09,41.92
1470607200,41.96,43.36,41.84,42.84
1470693600,42.81,43.49,42.51,42.74
1470780000,42.71,43.37,41.44,41.44
1470866400,41.49,43.83,41.13,43.44
1470952800,43.42,44.75,43.34,44.68
1471212000,44.69,45.9,44.41,45.68
1471298400,45.53,46.71,45.37,46.4
1471384800,46.34,46.92,45.88,46.91
1471471200,46.88,48.36,46.66,48.31
1471557600,48.28,49.09,47.96,49.01
1471816800,48.89,48.97,47.36,47.36
1471903200,47.38,48.29,46.63,47.54
1471989600,47.55,47.71,46.47,46.77
1472076000,46.78,47.43,46.45,47.37
1472162400,47.37,48.44,46.97,47.28
1472421600,47.35,47.35,46.65,46.92
1472508000,46.95,47.46,46.24,46.24
1472594400,46.21,46.38,44.54,44.8
1472680800,44.83,45.05,43.03,43.47
1472767200,43.52,44.65,43.19,44.15
1473026400,44.32,46.51,44.1,45.11
1473112800,45.02,45.59,43.88,44.86
1473199200,44.81,46.14,44.58,46.12
1473285600,46.11,47.72,45.81,47.29
1473372000,47.31,47.33,45.6,45.69
1473631200,45.65,46.49,44.76,46.03
1473717600,46.04,46.1,44.8,44.96
1473804000,44.98,45.31,43.46,43.6
1473890400,43.68,44.31,43.29,43.68
1473976800,43.7,43.72,42.77,43.17
1474236000,43.22,44.12,43.1,43.18
1474322400,43.69,44.56,43.09,44.41
1474408800,44.5,45.62,44.5,45.6
1474495200,45.61,46.5,45.55,46.06
1474581600,46.04,46.53,44.25,44.55
1474840800,44.68,46.18,44.47,45.59
1474927200,45.6,45.93,44.21,44.93
1475013600,44.94,47.41,44.39,47.15
1475100000,47.19,48.29,46.63,47.7
1475186400,47.74,48.27,47.07,48.02
1475445600,48.04,48.99,47.81,48.63
1475532000,48.61,49.23,48.29,49.16
1475618400,49.25,49.94,49.13,49.67
1475704800,49.59,50.6,49.35,50.54
1475791200,50.56,50.72,49.43,49.54
1476050400,49.57,51.57,49.18,51.13
1476136800,51.08,51.48,50.42,50.85
1476223200,50.81,51.14,49.92,49.99
1476309600,49.96,50.57,49.39,50.52
1476396000,50.55,51.12,49.93,50.29
1476655200,50.31,50.55,49.5,50.02
1476741600,50.03,50.76,49.79,50.76
1476828000,50.74,51.91,50.72,51.55
1476914400,51.56,51.8,50.47,50.6
1477000800,50.63,51,50.25,50.96
1477260000,50.93,50.96,49.66,50.46
1477346400,50.41,50.91,49.28,49.28
1477432800,49.3,50.08,48.91,49.21
1477519200,49.2,50.03,49.04,49.59
1477605600,49.58,49.79,48.45,48.61
1477864800,48.61,48.71,46.66,46.74
1477951200,46.75,47.32,46.23,46.32
1478037600,46.3,46.44,45,45.48
1478124000,45.43,45.88,44.4,44.62
1478210400,44.61,44.84,43.6,44.1
1478469600,44.11,44.98,44.11,44.93
1478556000,44.93,45.36,44.44,44.81
1478642400,44.81,45.92,43.12,45.3
1478728800,45.31,45.61,44.26,44.26
1478815200,44.26,44.6,43.08,43.09
1479074400,43.09,43.78,42.23,43.68
1479160800,43.68,46.06,43.58,45.74
1479247200,45.74,46.38,45.07,45.31
1479333600,45.31,46.55,44.91,44.91
1479420000,44.91,45.75,44.59,45.56
1479679200,46.27,48.48,46.27,48.3
1479765600,48.31,49.17,47.2,47.88
1479852000,47.88,48.4,47.43,47.92
1479938400,47.92,48.23,47.83,47.97
1480024800,47.96,48.01,45.91,45.94
1480284000,45.54,47.62,45.17,46.88
1480370400,46.87,46.95,44.86,45.2
1480456800,45.2,49.87,45.2,48.97
1480543200,48.93,51.77,48.93,50.88
1480629600,50.87,51.7,50.21,51.66
1480888800,51.65,52.39,50.94,50.94
1480975200,50.94,51.57,50.31,50.89
1481061600,50.89,51.17,49.75,49.81
1481148000,49.81,50.94,49.64,50.93
1481234400,50.93,51.63,50.89,51.45
1481493600,51.45,54.48,51.45,52.4
1481580000,52.4,53.38,52.38,52.44
1481666400,52.44,52.75,50.71,50.74
1481752800,50.74,51.44,49.98,51.04
1481839200,51.04,52.06,50.53,52
1482098400,52,52.5,51.54,52.1
1482184800,53.13,53.75,52.87,53.46
1482271200,53.49,53.76,52.35,52.5
1482357600,52.5,53.16,52.11,52.64
1482444000,52.64,53.25,52.29,53.25
1482789600,53.27,54.07,53.06,53.86
1482876000,53.85,54.34,53.59,53.63
1482962400,53.62,54.18,53.49,53.81
1483048800,53.82,54.06,53.44,53.87
1483394400,53.87,55.21,52.16,52.45
1483480800,52.46,53.4,52.18,53.33
1483567200,53.33,54.09,52.83,53.75
1483653600,53.75,54.29,53.35,53.67
1483912800,53.67,53.8,51.76,51.76
1483999200,51.76,52.34,50.75,50.75
1484085600,50.75,52.75,50.75,52.35
1484172000,52.35,53.47,52.15,53.01
1484258400,53.01,53.15,52.31,52.51
1484517600,52.48,52.69,52.15,52.62
1484604000,52.51,53.49,52.26,52.5
1484690400,52.51,52.76,50.94,51.36
1484776800,51.36,51.85,51.05,51.38
1484863200,52.2,53.64,52.16,53.2
1485122400,53.19,53.44,52.25,52.82
1485208800,52.82,53.53,52.7,52.91
1485295200,52.91,53.45,52.59,52.92
1485381600,52.92,54.03,52.82,53.7
1485468000,53.7,54.05,52.62,53.15
1485727200,53.15,53.43,52.44,52.52
1485813600,52.54,53.54,52.27,52.79
1485900000,52.79,53.89,52.67,53.53
1485986400,53.53,54.31,53.39,53.62
1486072800,53.62,54.19,53.43,53.84
1486332000,53.83,54.1,52.94,53.07
1486418400,53.07,53.21,51.66,51.67
1486504800,51.67,52.64,51.25,52.36
1486591200,52.36,53.19,52.36,53.12
1486677600,53.12,54.1,52.93,53.83
1486936800,53.83,53.93,52.79,52.85
1487023200,52.84,53.69,52.84,53.01
1487109600,53.01,53.49,52.76,52.97
1487196000,52.97,53.56,52.71,53.43
1487282400,53.44,53.5,52.92,53.34
1487541600,53.34,53.85,53.34,53.54
1487628000,53.96,55,53.95,54.22
1487714400,54.21,54.58,53.42,53.85
1487800800,53.85,54.91,53.85,54.35
1487887200,54.34,54.48,53.78,53.97
1488146400,53.98,54.59,53.97,54.01
1488232800,54.01,54.2,53.21,53.97
1488319200,53.95,54.41,53.64,53.64
1488405600,53.64,53.77,52.52,52.52
1488492000,52.53,53.36,52.53,53.19
1488751200,53.19,53.54,52.79,53.16
1488837600,53.16,53.77,52.75,52.76
1488924000,52.76,52.89,50.08,50.18
1489010400,50.18,50.81,48.63,49.58
1489096800,49.59,50.09,48.34,48.36
1489356000,48.36,48.65,47.94,48.44
1489442400,48.43,48.76,47.12,48.48
1489528800,48.72,49.01,48.19,48.93
1489615200,48.99,49.59,48.48,48.74
1489701600,48.78,49.17,48.63,48.68
1489960800,48.69,48.73,47.86,48.16
1490047200,48.87,49.45,48.02,48.12
1490133600,48.14,48.29,47.08,48.13
1490220000,48.12,48.45,47.61,47.65
1490306400,47.65,48.17,47.57,48.12
1490565600,48.1,48.25,47.11,47.82
1490652000,47.86,48.72,47.83,48.44
1490738400,48.41,49.61,48.41,49.58
1490824800,49.58,50.45,49.31,50.31
1490911200,50.29,50.8,49.93,50.78
1491170400,50.75,50.81,50.15,50.2
1491256800,50.21,51.28,49.91,51.09
1491343200,51.15,51.86,50.77,50.8
1491429600,50.78,51.79,50.78,51.69
1491516000,51.68,52.91,51.52,52.27
1491775200,52.28,53.15,52.28,53.12
1491861600,53.12,53.43,52.73,53.39
1491948000,53.37,53.74,52.74,52.78
1492034400,52.83,53.36,52.83,52.9
1492120800,52.87,52.87,52.87,52.87
1492380000,52.87,53.19,52.57,52.72
1492466400,52.73,52.83,52.13,52.34
1492552800,52.31,52.61,50.11,50.98
1492639200,50.99,51.36,50.53,50.7
1492725600,50.68,50.9,49.23,49.6
1492984800,49.58,50.19,49.06,49.19
1493071200,49.2,49.8,48.9,49.35
1493244000,49.19,49.4,48.24,49.21
1493330400,49.24,49.73,48.83,49.17
1493589600,49.16,49.29,48.61,48.71
1493676000,48.75,49.26,47.39,48.04
1493762400,48.12,48.2,47.33,47.51
1493848800,47.58,47.73,45.32,45.47
1493935200,45.49,46.65,43.79,46.46
1494194400,46.43,46.96,45.75,46.47
1494280800,46.47,46.75,45.55,46.15
1494367200,46.16,47.75,46.05,47.32
1494453600,47.37,48.19,47.37,47.81
1494540000,47.8,48.05,47.38,47.8
1494799200,47.85,49.63,47.78,48.8
1494885600,48.8,49.35,48.2,48.21
1494972000,48.21,49.47,48.06,48.91
1495058400,48.92,49.58,48.08,49.32
1495144800,49.3,50.86,49.3,50.86
1495404000,50.41,51.41,50.41,51.01
1495490400,51.04,51.76,50.61,51.46
1495576800,51.43,51.85,51.06,51.27
1495663200,51.23,51.97,48.49,48.67
1495749600,48.75,49.91,48.21,49.83
1496008800,49.82,50.26,49.53,49.97
1496095200,49.98,50.03,49.06,49.62
1496181600,49.61,49.68,47.76,48.61
1496268000,48.61,49.14,47.93,48.02
1496354400,48.01,48.17,46.77,47.71
1496613600,47.79,48.39,46.89,47.37
1496700000,47.41,48.37,46.96,47.95
1496786400,47.96,48.2,45.68,45.75
1496872800,45.83,46.15,45.24,45.67
1496959200,45.69,46.15,45.29,45.87
1497218400,45.88,46.69,45.69,45.97
1497304800,45.99,46.54,45.59,45.93
1497391200,45.91,46.46,44.57,44.65
1497477600,44.67,44.78,44.22,44.22
1497564000,44.24,44.91,44.24,44.65
1497823200,44.67,45.03,44.06,44.31
1497909600,44.31,44.66,42.97,43.33
1497996000,43.35,44.17,42.08,42.47
1498082400,42.52,43.29,42.29,42.76
1498168800,42.77,43.18,42.56,43.14
1498428000,43.09,43.63,42.66,43.44
1498514400,43.47,44.42,43.35,43.68
1498600800,43.67,44.87,43.67,44.86
1498687200,44.87,45.42,44.68,44.83
1498773600,44.86,46.32,44.86,46.31
1499032800,46.21,47.07,45.94,47.03
1499119200,47.02,47.29,46.77,47.05
1499205600,47.05,47.21,44.56,45.58
1499292000,45.63,46.5,45.21,45.3
1499378400,45.34,45.4,43.8,44.31
1499637600,44.28,44.82,43.68,44.56
1499724000,44.56,45.78,43.86,45.74
1499810400,45.72,46.44,45.14,45.43
1499896800,45.42,46.25,45.02,46.07
1499983200,46.06,46.71,45.83,46.65
1500242400,46.6,46.85,45.93,45.97
1500328800,45.95,46.89,45.84,46.16
1500415200,46.23,47.27,46.17,47.25
1500501600,47.22,47.71,46.84,46.91
1500588000,46.88,47.19,45.57,45.57
1500847200,45.63,46.5,45.43,46.45
1500933600,46.44,48.64,46.41,48.52
1501020000,48.48,48.84,47.89,48.67
1501106400,48.67,49.21,48.28,49.1
1501192800,49.14,49.78,48.89,49.71
1501452000,49.7,50.38,49.21,50.16
1501538400,50.17,50.4,48.39,48.76
1501624800,48.77,49.62,48.58,49.55
1501711200,49.56,49.93,48.81,48.93
1501797600,48.93,49.61,48.53,49.5
1502056800,49.52,49.68,48.57,49.28
1502143200,49.29,49.76,48.89,48.93
1502229600,48.97,49.7,48.93,49.65
1502316000,49.66,50.2,48.37,48.48
1502402400,48.5,48.95,48.02,48.75
1502661600,48.74,49.13,47.47,47.49
1502748000,47.45,47.87,47.06,47.68
1502834400,47.67,47.96,46.7,46.75
1502920800,46.79,47.16,46.49,46.9
1503007200,46.9,48.71,46.81,48.5
1503266400,48.68,48.72,47.06,47.51
1503352800,47.56,48.18,47.39,47.6
1503439200,47.62,48.48,47.56,48.35
1503525600,48.34,48.41,47.09,47.6
1503612000,47.61,47.88,47.42,47.83
1503871200,47.81,48.14,46.18,46.79
1503957600,46.84,46.94,45.79,46.29
1504044000,46.28,46.69,45.87,45.94
1504130400,45.92,47.44,45.62,47.07
1504216800,47.05,47.32,46.59,47.31
1504476000,47.29,47.63,47.19,47.37
1504562400,47.36,48.96,47.36,48.57
1504648800,48.59,49.39,48.55,49.14
1504735200,49.12,49.3,48.66,49.1
1504821600,49.06,49.24,47.3,47.41
1505080800,47.54,48.24,47.03,48.08
1505167200,48.09,48.41,47.76,48.34
1505253600,48.33,49.37,48.15,49.29
1505340000,49.29,50.47,49.18,49.7
1505426400,49.71,50.11,49.44,49.8
1505685600,49.82,50.31,49.22,49.74
1505772000,49.91,50.4,49.36,49.81
1505858400,50.26,51.09,50.16,50.7
1505944800,50.68,50.78,50.1,50.69
1506031200,50.71,50.75,50.32,50.63
1506290400,50.6,52.25,50.42,52.1
1506376800,52.09,52.41,51.46,52.06
1506463200,52.08,52.31,51.67,52.01
1506549600,51.99,52.83,51.25,51.55
1506636000,51.58,51.74,51.28,51.61
1506895200,51.57,51.68,50.1,50.53
1506981600,50.55,50.7,50.11,50.11
1507068000,50.14,50.64,49.8,49.87
1507154400,49.86,51.2,49.86,50.72
1507240800,50.74,50.79,49.13,49.17
1507500000,49.25,49.77,49.16,49.52
1507586400,49.52,51.03,49.52,50.9
1507672800,50.92,51.39,50.64,51
1507759200,50.98,51.1,50.18,50.71
1507845600,50.69,51.7,50.69,51.41
1508104800,51.35,52.34,51.35,51.9
1508191200,51.9,52.22,51.24,51.93
1508277600,51.9,52.31,51.72,52
1508364000,52.02,52.14,51.1,51.56
1508450400,51.56,52.05,50.9,52.03
1508709600,51.99,52.27,51.71,51.83
1508796000,51.86,52.59,51.58,52.5
1508882400,52.53,52.54,51.92,52.15
1508968800,52.16,52.83,51.95,52.79
1509055200,52.77,54.16,52.28,54.11
1509314400,54.07,54.43,53.78,54.09
1509400800,54.07,54.82,53.96,54.6
1509487200,54.6,55.19,53.92,54.25
1509573600,54.25,54.81,54.02,54.71
1509660000,54.7,55.73,54.43,55.62
1509919200,55.65,57.58,55.65,57.22
1510005600,57.22,57.67,56.87,56.92
1510092000,56.92,57.89,56.44,56.79
1510178400,56.8,57.5,56.72,57
1510264800,57,57.32,56.58,56.88
1510524000,56.87,57.13,56.33,56.71
1510610400,56.72,56.74,54.89,54.96
1510696800,54.97,55.54,54.92,55.28
1510783200,55.29,55.59,54.96,55.22
1510869600,55.23,56.79,55.22,56.78
1511128800,56.78,56.9,55.78,56.36
1511215200,56.33,57.19,56.33,57.07
1511301600,57.07,58.12,57.06,58.02
1511388000,58.02,58.55,57.78,58.52
1511474400,58.49,59.02,58.38,58.95
1511733600,58.95,58.96,57.57,57.82
1511820000,57.82,58.08,57.45,57.73
1511906400,57.69,58.28,56.79,57.36
1511992800,57.36,57.96,56.88,57.4
1512079200,57.39,58.86,57.32,58.27
1512338400,58.26,58.32,57.38,57.43
1512424800,57.42,57.89,57.11,57.46
1512511200,57.46,57.56,55.9,55.95
1512597600,55.9,56.75,55.84,56.6
1512684000,56.57,57.76,56.57,57.3
1512943200,57.3,58.03,56.94,58
1513029600,58,58.53,56.88,57.43
1513116000,57.44,57.8,56.57,56.65
1513202400,56.65,57.2,56.12,57.13
1513288800,57.13,57.46,56.98,57.34
1513548000,57.34,57.76,56.85,57.33
1513634400,57.33,57.78,57.23,57.64
1513720800,57.64,58.1,57.47,58.01
1513807200,58.01,58.36,57.66,58.21
1513893600,58.21,58.48,57.9,58.35
1514152800,58.27,58.27,58.27,58.27
1514239200,58.27,59.98,58.27,59.79
1514325600,59.78,59.9,59.36,59.58
1514412000,59.58,59.91,59.47,59.87
1514498400,59.85,60.48,59.84,60.09
1514757600,60.09,60.09,60.09,60.09
1514844000,60.09,60.71,60.09,60.33
1514930400,60.33,61.93,60.31,61.92
1515016800,61.91,62.18,61.63,61.88
1515103200,61.88,62.02,61.12,61.57
1515362400,61.49,61.94,61.36,61.88
1515448800,61.88,63.45,61.82,63.45
1515535200,63.45,63.65,63.12,63.47
1515621600,63.43,64.75,63.43,63.52
1515708000,63.51,64.47,63.09,64.37
1515967200,64.37,64.86,64.13,64.79
1516053600,64.74,64.78,63.42,63.86
1516140000,63.86,64.14,63.34,64.06
1516226400,64.06,64.32,63.5,63.68
1516312800,63.71,63.75,62.87,63.45
1516572000,63.45,64.1,63.08,63.91
1516658400,63.87,64.85,63.73,64.44
1516744800,64.43,66.02,64.37,65.85
1516831200,65.85,66.63,65.11,65.22
1516917600,65.19,66.32,64.96,66.22
1517176800,66.21,66.44,65,65.5
1517263200,65.5,65.53,63.94,63.97
1517349600,63.96,64.92,63.7,64.75
1517436000,64.75,66.21,64.66,65.96
1517522400,65.95,66.27,64.5,65.03
1517781600,65.03,65.37,63.42,63.42
1517868000,63.41,64.26,63.15,63.9
1517954400,63.9,64.15,61.28,61.75
1518040800,61.71,62.07,60.31,60.4
1518127200,60.4,60.74,58.11,59.02
1518386400,59.02,60.8,59.02,59.35
1518472800,59.29,59.71,58.44,58.94
1518559200,58.93,60.87,58.23,60.71
1518645600,60.72,61.62,59.75,61.4
1518732000,61.4,61.96,60.91,61.6
1518991200,61.6,62.54,61.6,62.45
1519077600,62.31,62.62,61.46,61.54
1519164000,61.55,61.84,60.95,61.31
1519250400,61.31,63.06,60.79,62.62
1519336800,62.62,63.7,62.36,63.55
1519596000,63.55,64.21,63.09,63.96
1519682400,63.96,64.06,62.67,62.81
1519768800,62.81,63.39,61.39,61.52
1519855200,61.52,61.81,60.22,61.31
1519941600,61.31,61.57,60.17,61.43
1520200800,61.43,62.76,61.14,62.58
1520287200,62.59,63.25,62.21,62.34
1520373600,62.31,62.55,60.61,61.33
1520460000,61.33,61.38,59.99,60.29
1520546400,60.29,62.14,60.17,62.09
1520805600,62.09,62.31,60.7,61.36
1520892000,61.36,61.95,60.29,60.82
1520978400,60.83,61.29,60.15,60.9
1521064800,60.93,61.52,60.85,61.15
1521151200,61.17,62.51,61.11,62.23
1521410400,62.16,62.32,61.39,62.19
1521496800,62.14,63.95,62.14,63.71
1521583200,63.67,65.52,63.61,65.46
1521669600,65.47,65.69,64.15,64.15
1521756000,64.24,65.97,64.14,65.72
1522015200,65.81,66.52,65.11,65.47
1522101600,65.5,66.39,64.57,64.64
1522188000,64.66,65.1,63.75,64.65
1522274400,64.65,65.24,64.19,64.88
1522620000,64.88,65.39,62.84,62.84
1522706400,62.85,63.83,62.85,63.55
1522792800,63.57,63.61,62.09,63.54
1522879200,63.58,64.1,63.11,63.7
1522965600,63.7,63.76,61.84,61.9
1523224800,61.94,63.58,61.94,63.26
1523311200,63.28,65.83,63.23,65.56
1523397600,65.55,67.42,65.18,66.71
1523484000,66.73,67.3,66.04,67.09
1523570400,67.17,67.73,66.73,67.36
1523829600,67.37,67.67,66.16,66.31
1523916000,66.38,66.72,65.58,66.63
1524002400,66.65,68.88,66.58,68.74
1524088800,68.71,69.53,68,68.14
1524175200,68.19,68.63,67.52,68.02
1524434400,68.11,69,67.17,68.89
1524520800,68.93,69.35,67.58,67.7
1524607200,67.71,68.15,67.14,67.99
1524693600,68.01,68.75,67.75,68.14
1524780000,68.17,68.33,67.68,67.96
1525039200,67.98,69.31,67.21,68.54
1525125600,68.54,68.86,66.88,67.45
1525212000,67.46,68.11,66.95,67.66
1525298400,67.66,68.57,67.25,68.46
1525384800,68.47,69.94,68.16,69.74
1525644000,69.82,70.8,69.54,69.96
1525730400,70.01,70.39,67.66,70.03
1525816800,70.04,71.34,69.88,71.24
1525903200,71.22,71.86,70.59,71.38
1525989600,71.43,71.61,70.44,70.44
1526248800,70.52,71.23,70.29,71.15
1526335200,71.14,71.89,70.46,70.97
1526421600,71.01,71.57,70.69,71.52
1526508000,71.52,72.28,71.14,71.55
1526594400,71.56,71.73,71.02,71.36
1526853600,71.33,72.65,71.28,72.54
1526940000,72.59,72.88,71.9,72.09
1527026400,72.07,72.24,71.22,71.81
1527112800,71.83,71.96,70.56,70.61
1527199200,70.64,70.77,67.4,67.4
1527458400,67.5,67.5,65.83,66.46
1527544800,66.41,67.32,65.95,66.85
1527631200,66.83,68.64,66.38,68.21
1527717600,68.22,68.26,66.62,67.03
1527804000,67.05,67.32,65.54,65.69
1528063200,65.71,66.01,64.61,64.86
1528149600,64.9,65.54,64.26,65.51
1528236000,65.48,65.94,64.32,64.96
1528322400,65.06,66.05,64.85,65.88
1528408800,65.95,66.2,65.18,65.49
1528668000,65.57,66.32,64.88,66.04
1528754400,66.06,66.67,65.9,65.96
1528840800,66,66.86,65.55,66.59
1528927200,66.59,67.14,66.39,66.99
1529013600,66.99,67.07,64.24,64.24
1529272800,64.38,65.96,63.62,65.81
1529359200,65.84,65.86,64.42,65.03
1529445600,64.91,66.33,64.83,65.31
1529532000,65.32,66.2,64.37,65.77
1529618400,65.89,69.35,65.76,69.27
1529877600,69.29,69.41,67.82,68.12
1529964000,68.18,70.87,67.77,70.64
1530050400,70.66,73.03,70.59,72.24
1530136800,72.23,74,72.23,73.18
1530223200,73.31,74.43,72.96,74.26
1530482400,73.56,74.32,72.61,74.04
1530568800,74.04,75.24,72.77,74.19
1530655200,74.22,74.93,73.54,74.31
1530741600,74.32,74.78,72.57,73.13
1530828000,73.15,73.98,72.17,73.87
1531087200,73.93,74.22,73.02,73.97
1531173600,74.01,74.67,73.69,74.14
1531260000,74.18,74.24,70.05,70.56
1531346400,70.55,71.2,69.26,70.32
1531432800,70.36,71.63,69.87,70.49
1531692000,70.54,70.85,67.61,67.87
1531778400,67.99,68.41,67.08,67.58
1531864800,67.58,69.04,67.09,68.96
1531951200,68.98,70.15,67.84,69.45
1532037600,67.99,68.89,67.73,68.11
1532296800,68.05,69.28,67.62,67.75
1532383200,67.77,69.02,67.61,68.64
1532469600,68.73,69.67,68.23,69.22
1532556000,69.36,69.89,68.96,69.49
1532642400,69.55,69.75,68.29,68.97
1532901600,68.98,70.41,68.82,70.05
1532988000,70.04,70.2,68.16,68.39
1533074400,68.4,68.49,67.34,67.83
1533160800,67.84,69.33,66.95,68.92
1533247200,68.96,69.21,67.9,68.61
1533506400,68.56,69.89,68.52,68.85
1533592800,68.86,69.8,68.84,69.05
1533679200,69.07,69.35,66.36,66.69
1533765600,66.76,67.39,66.52,66.66
1533852000,66.7,67.84,66.18,67.7
1534111200,67.75,67.92,65.74,67.38
1534197600,67.4,68.34,66.61,66.62
1534284000,66.51,66.88,64.54,64.85
1534370400,64.89,65.5,64.45,65.44
1534456800,65.43,66.36,65.33,65.56
1534716000,65.93,66.66,65.61,66.61
1534802400,65.41,66.47,65.35,66.05
1534888800,66.06,68.12,66.01,68.09
1534975200,68.05,68.11,67.36,67.82
1535061600,67.87,69.29,67.81,68.5
1535320800,68.55,68.94,68.38,68.89
1535407200,68.9,69.17,68.24,68.49
1535493600,68.52,69.73,68.4,69.67
1535580000,69.69,70.47,69.58,70.03
1535666400,70.04,70.34,69.67,69.87
1535925600,69.88,70.19,69.57,70.07
1536012000,70.1,71.37,69.1,69.35
1536098400,69.38,69.57,68.6,68.61
1536184800,68.61,68.99,67.03,67.86
1536271200,67.86,68.06,66.89,67.77
1536530400,67.84,68.5,67.37,67.5
1536616800,67.49,69.99,67.49,69.88
1536703200,69.87,71.24,69.53,70.26
1536789600,70.21,70.26,68.38,68.78
1536876000,68.77,69.88,67.98,68.96
1537135200,68.96,69.69,68.56,68.74
1537221600,68.77,70.4,68.56,69.71
1537308000,69.72,71.47,69.66,71
1537394400,70.95,71.32,70.06,70.14
1537480800,70.19,71.77,70.02,70.69
1537740000,71.17,72.71,71.17,72.19
1537826400,72.23,72.73,71.93,72.05
1537912800,72.07,72.35,71.51,72.01
1537999200,71.98,72.56,71.75,72.17
1538085600,72.17,73.7,71.91,73.49
1538344800,73.5,75.75,72.98,75.45
1538431200,75.35,75.88,74.96,75
1538517600,75.07,76.88,74.35,76.19
1538604000,76.18,76.44,73.91,74.61
1538690400,74.61,75.19,73.88,74.24
1538949600,74.26,74.55,73.1,74.19
1539036000,74.19,75.25,74.03,74.64
1539122400,74.64,75.06,72.41,72.61
1539208800,72.65,72.73,70.54,70.97
1539295200,70.94,71.98,70.67,71.49
1539554400,71.46,72.68,70.88,71.7
1539640800,71.66,72.26,71.05,72.15
1539727200,72.17,72.41,69.47,70.02
1539813600,69.94,69.98,68.5,68.64
1539900000,68.68,69.75,68.58,69.51
1540159200,69.25,69.81,68.49,69.5
1540245600,69.53,69.62,65.77,66.06
1540332000,66.12,67.69,66.07,66.37
1540418400,66.32,67.62,66.04,66.95
1540504800,66.93,67.85,66.22,67.56
1540764000,67.69,67.92,66.32,66.67
1540850400,66.67,67.23,65.37,66.32
1540936800,66.3,66.97,64.83,64.83
1541023200,64.86,65.36,63.15,63.51
1541109600,63.47,63.93,62.66,62.8
1541368800,62.86,64.12,62.56,62.66
1541455200,62.64,63.29,61.34,61.73
1541541600,61.74,63.16,61.23,61.57
1541628000,61.57,62.39,60.43,60.75
1541714400,60.73,60.76,59.29,59.81
1541973600,59.75,61.26,58.7,58.83
1542060000,58.83,59.33,54.79,55.24
1542146400,55.26,57.34,55.17,55.98
1542232800,55.95,57.23,55.62,56.54
1542319200,56.53,57.93,55.93,57.02
1542578400,57.02,57.56,55.3,57.35
1542664800,57.36,57.43,52.8,53.35
1542751200,53.33,55.83,53.33,54.58
1542837600,54.55,54.8,53.55,53.81
1542924000,53.83,54.09,50.19,50.37
1543183200,50.37,52.22,50.14,51.58
1543269600,51.58,52.35,50.34,52.08
1543356000,52.07,52.52,50.09,50.27
1543442400,50.27,52.17,49.44,51.23
1543528800,51.23,51.77,49.69,50.63
1543788000,50.64,53.83,50.62,53.06
1543874400,53.06,54.54,52.47,52.58
1543960800,52.57,54.42,52.19,52.91
1544047200,52.9,53.28,50.12,51.69
1544133600,51.7,54.2,50.63,52.12
1544392800,52.12,52.78,50.57,50.87
1544479200,50.87,52.39,50.73,51.94
1544565600,51.94,52.83,50.98,51.17
1544652000,51.17,53.24,50.37,52.82
1544738400,52.82,52.93,50.87,51.2
1544997600,51.06,51.85,49.05,49.13
1545084000,49.12,49.57,45.82,45.86
1545170400,45.86,48.34,45.86,47.35
1545256800,47.35,47.49,45.7,46.19
1545343200,46.22,46.75,45.15,45.4
1545602400,45.4,46.21,42.4,42.45
1545775200,42.58,46.97,42.58,46.57
1545861600,46.58,46.68,44.39,45.37
1545948000,45.44,46.2,44.45,45.04
1546207200,45.04,46.51,44.76,45.4
1546380000,45.03,47.75,44.37,46.29
1546466400,46.29,47.47,45.38,46.8
1546552800,46.86,49.2,46.67,48.24
1546812000,48.24,49.77,48.15,48.74
1546898400,48.74,49.93,48.33,49.77
1546984800,49.71,52.56,49.71,52.13
1547071200,52.13,52.75,51.39,52.28
1547157600,52.26,53.29,51.2,51.59
1547416800,51.59,52.08,50.41,50.75
1547503200,50.75,52.28,50.66,51.96
1547589600,51.97,52.5,51.29,52.29
1547676000,52.28,52.56,51.01,52.18
1547762400,52.19,53.89,52.12,53.81
1548021600,53.81,54.21,53.36,53.91
1548108000,54.13,54.29,52.08,52.98
1548194400,52.98,53.62,51.88,52.36
1548280800,52.39,53.44,52.1,53.14
1548367200,53.14,53.91,52.94,53.51
1548626400,53.51,53.61,51.36,52.08
1548712800,52.08,53.9,51.87,53.23
1548799200,53.23,54.9,53.12,54.19
1548885600,54.19,55.35,53.64,53.99
1548972000,53.99,55.63,53.41,55.33
1549231200,55.33,55.73,53.33,54.83
1549317600,54.84,55.18,53.5,53.69
1549404000,53.68,54.26,52.9,53.87
1549490400,53.9,54.18,51.82,52.58
1549576800,52.55,52.98,52.11,52.68
1549836000,52.64,52.74,51.26,52.43
1549922400,52.4,54.03,52.32,53.29
1550008800,53.29,54.58,53.29,53.92
1550095200,53.95,54.66,53.13,54.44
1550181600,54.46,55.78,54.27,55.75
1550440800,55.75,56.32,55.75,56.04
1550527200,56,56.22,55.32,56.05
1550613600,56.36,57.57,55.8,57.22
1550700000,57.2,57.56,56.67,56.83
1550786400,56.8,57.79,56.74,57.14
1551045600,57.14,57.51,55.11,55.41
1551132000,55.4,56.06,55.05,55.96
1551218400,55.94,57.37,55.75,56.97
1551304800,56.97,57.4,56.46,57.24
1551391200,57.24,57.85,55.6,55.72
1551650400,55.72,56.98,55.72,56.41
1551736800,56.42,57.17,56.12,56.25
1551823200,56.23,56.38,55.48,56.16
1551909600,56.17,56.96,56.11,56.39
1551996000,56.37,56.49,54.55,55.96
1552255200,55.96,56.97,55.96,56.74
1552341600,56.73,57.53,56.73,57.06
1552428000,57.05,58.46,57.03,58.32
1552514400,58.29,58.72,58.03,58.51
1552600800,58.49,58.93,57.77,58.36
1552860000,58.36,59.21,58.08,58.95
1552946400,58.99,59.55,58.63,59.05
1553032800,59.26,60.26,58.59,59.97
1553119200,59.94,60.37,59.69,59.85
1553205600,59.83,60.05,58.3,58.85
1553464800,58.85,59.32,58.2,59.05
1553551200,59.06,60.36,59.06,60
1553637600,59.97,60.2,58.83,59.37
1553724000,59.39,59.53,58.23,59.49
1553810400,59.5,60.71,59.44,60.14
1554069600,60.2,61.78,60.17,61.75
1554156000,61.79,62.73,61.62,62.56
1554242400,62.58,62.96,62.07,62.47
1554328800,62.45,62.75,61.91,62.15
1554415200,62.19,63.31,61.84,63.26
1554674400,63.26,64.46,63.15,64.42
1554760800,64.38,64.77,63.7,64.21
1554847200,64.17,64.68,64.08,64.45
1554933600,64.45,64.46,63.32,63.69
1555020000,63.65,64.62,63.65,63.77
1555279200,63.77,63.81,63.05,63.54
1555365600,63.53,64.35,63.02,64.29
1555452000,64.28,64.59,63.68,63.74
1555538400,63.71,64.14,63.48,63.98
1555884000,63.98,65.97,63.98,65.65
1555970400,65.72,66.58,65.6,66.15
1556056800,66.12,66.4,65.67,65.75
1556143200,65.79,66.26,64.93,65.09
1556229600,65.07,65.15,62.3,62.83
1556488800,62.83,63.67,62.49,63.58
1556575200,63.52,64.73,63.32,63.43
1556661600,63.35,63.91,62.79,63.58
1556748000,63.58,63.65,60.97,61.52
1556834400,61.5,62.5,61.33,61.86
1557093600,61.86,62.91,60.06,62.5
1557180000,61.9,62.47,60.67,61.42
1557266400,61.38,62.34,61.08,61.97
1557352800,61.93,62.18,60.93,61.58
1557439200,61.57,62.46,61.43,61.69
1557698400,61.58,63.32,60.67,60.8
1557784800,60.85,62.09,60.73,61.32
1557871200,61.3,62.32,60.87,62.1
1557957600,62.09,63.46,62.09,63.11
1558044000,63.12,63.62,62.54,62.66
1558303200,62.66,63.79,62.47,63.16
1558389600,63.26,63.76,62.81,62.95
1558476000,62.89,62.98,61.05,61.29
1558562400,61.27,61.39,57.36,58.17
1558648800,58.16,59.05,57.53,59.02
1558908000,58.85,59.25,58.17,59.22
1558994400,59.18,59.55,58.65,59.03
1559080800,59.05,59.1,56.91,59.05
1559167200,59.07,59.67,56.37,56.4
1559253600,56.43,56.6,53.1,53.34
1559512800,53.26,54.6,52.16,52.85
1559599200,52.85,53.76,52.45,52.9
1559685600,52.87,53.4,50.63,51.67
1559772000,51.65,53.28,51.2,53.06
1559858400,53.08,54.3,52.66,54.07
1560117600,54.07,54.8,53.08,53.41
1560204000,53.41,54.03,52.95,53.02
1560290400,53.02,53.03,50.74,51.06
1560376800,51.01,53.43,50.95,52.16
1560463200,52.16,52.96,51.72,52.48
1560722400,52.48,52.72,51.61,51.91
1560808800,51.91,54.29,51.52,54.05
1560895200,54.1,54.41,53.3,54.36
1560981600,54.35,57.35,54.35,57.25
1561068000,57.25,57.96,56.68,57.58
1561327200,57.58,58.2,56.77,57.73
1561413600,57.73,58.83,57.23,58.83
1561500000,58.83,59.9,58.67,59.23
1561586400,59.21,59.7,58.63,59.2
1561672800,59.2,59.78,57.77,58.15
1561932000,58.15,60.26,58.15,59.16
1562018400,59.13,59.41,56.11,56.46
1562104800,56.46,57.44,56.07,57.36
1562191200,57.36,57.55,56.49,56.7
1562277600,56.71,57.74,56.32,57.72
1562536800,57.72,58.45,57.32,57.52
1562623200,57.52,58.91,57.33,58.33
1562709600,58.36,60.51,58.36,60.24
1562796000,60.4,60.91,60.16,60.41
1562882400,60.4,60.72,59.95,60.3
1563141600,60.3,60.89,59.23,59.24
1563228000,59.23,60.03,57.09,57.49
1563314400,57.46,58.34,56.24,56.52
1563400800,56.5,57.29,54.76,55.61
1563487200,55.7,56.34,55.02,55.72
1563746400,55.72,57.01,55.72,56.19
1563832800,56.13,57.44,55.76,57.2
1563919200,57.2,57.62,55.36,55.85
1564005600,55.85,56.96,55.84,55.85
1564092000,55.88,56.54,55.7,56.16
1564351200,56.16,57.08,55.84,57.04
1564437600,57.04,58.43,56.98,58.3
1564524000,58.3,58.79,57.82,57.83
1564610400,57.83,57.97,53.62,54.54
1564696800,54.53,56.03,54.17,55.21
1564956000,55.29,55.59,54.25,54.98
1565042400,54.85,55.41,53.34,53.4
1565128800,53.41,53.77,50.55,52.23
1565215200,52.26,53.05,51.97,52.81
1565301600,52.81,54.89,52.4,54.23
1565560800,54.23,55.16,53.58,54.7
1565647200,54.7,57.43,54.23,56.69
1565733600,56.66,56.81,53.98,54.88
1565820000,54.85,55.3,53.79,54.67
1565906400,54.67,55.64,54.27,54.77
1566165600,54.77,56.37,54.77,56.1
1566252000,56.13,56.57,55.18,56.07
1566338400,56.1,57.1,55.57,55.83
1566424800,55.86,56.44,54.88,55.35
1566511200,55.35,55.59,53.27,53.85
1566770400,53.85,55.24,53,53.77
1566856800,53.74,55.69,53.71,55.66
1566943200,55.69,56.7,55.35,55.88
1567029600,55.8,56.86,55.44,56.56
1567116000,56.54,56.7,54.57,55.01
1567375200,55.01,55.21,54.37,54.76
1567461600,54.78,55.02,52.87,53.9
1567548000,53.9,56.55,53.86,55.9
1567634400,55.89,57.72,55.76,56.15
1567720800,56.13,56.91,54.84,56.6
1567980000,56.6,58.13,56.6,58.02
1568066400,57.98,58.73,57.21,57.84
1568152800,57.85,58.27,55.63,55.94
1568239200,55.88,56.33,54.02,55.08
1568325600,55.12,55.66,54.46,54.87
1568584800,54.87,63.33,54.87,61.85
1568671200,61.84,62.55,58.52,58.8
1568757600,58.73,59.41,57.7,58.2
1568844000,58.2,59.48,58.02,58.65
1568930400,58.64,59.23,57.97,58.45
1569189600,58.45,59.2,57.45,58.44
1569276000,58.42,58.49,56.73,56.76
1569362400,56.7,57.02,55.66,56.65
1569448800,56.62,56.84,55.45,56.52
1569535200,56.48,56.75,54.79,56.07
1569794400,56.34,56.4,54.02,54.27
1569880800,54.26,54.84,53.09,53.94
1569967200,53.99,54.42,52.21,52.43
1570053600,52.44,52.91,51.03,52.27
1570140000,52.27,53.33,52.08,52.91
1570399200,52.91,54.04,52.61,52.8
1570485600,52.8,53.26,51.85,52.55
1570572000,52.55,53.73,52.35,52.59
1570658400,52.63,53.95,51.44,53.87
1570744800,53.87,54.91,53.66,54.78
1571004000,54.78,54.87,52.8,53.47
1571090400,53.47,53.78,52.43,52.87
1571176800,52.92,53.73,52.55,52.93
1571263200,52.95,54.16,52.66,54.07
1571349600,54.06,54.6,53.37,53.67
1571608800,53.67,54.02,52.74,53.59
1571695200,53.59,54.78,53.25,54.29
1571781600,54.29,56.04,53.64,55.83
1571868000,55.83,56.47,55.42,56.05
1571954400,56.02,56.71,55.6,56.62
1572213600,56.62,56.89,55.58,55.7
1572300000,55.72,55.87,54.61,55.49
1572386400,55.49,55.7,54.44,54.88
1572472800,54.86,55.55,53.73,54.1
1572559200,54.13,56.3,54.08,56.06
1572818400,56.06,57.39,55.84,56.49
1572904800,56.49,57.46,56.3,57.23
1572991200,57.22,57.81,56.14,56.36
1573077600,56.29,57.84,56.29,57.04
1573164000,57.01,57.44,55.78,57.34
1573423200,57.33,57.33,56.25,56.87
1573509600,56.82,57.51,56.55,56.75
1573596000,56.72,57.49,56.21,57.33
1573682400,57.29,57.75,56.64,56.87
1573768800,56.85,57.93,56.44,57.76
1574028000,57.62,58.05,56.56,56.85
1574114400,56.85,57.1,55.07,55.1
1574200800,55.23,57.34,54.87,57.06
1574287200,56.98,58.63,56.62,58.29
1574373600,58.27,58.71,57.51,57.86
1574632800,57.88,58.12,57.23,57.88
1574719200,57.86,58.53,57.78,58.3
1574805600,58.23,58.65,57.53,58.12
1574892000,58.08,58.26,57.65,58.24
1574978400,58.11,58.15,55.04,55.22
1575237600,55.73,56.65,55.64,55.95
1575324000,55.92,56.78,55.37,56.27
1575410400,56.42,58.64,56.29,58.32
1575496800,58.32,59.1,58.09,58.29
1575583200,58.3,59.81,57.72,59.08
1575842400,59.07,59.22,58.25,58.87
1575928800,58.87,59.49,58.54,59.05
1576015200,59.04,59.18,58.13,58.77
1576101600,58.83,59.69,58.76,59.18
1576188000,59.29,60.45,59.29,59.76
1576447200,59.84,60.32,59.77,60.19
1576533600,60.18,61.04,60.05,60.5
1576620000,60.52,61.17,60.34,60.85
1576706400,60.77,61.38,60.71,61.05
1576792800,61.05,61.17,60.03,60.33
1577052000,60.33,60.75,60.12,60.6
1577138400,60.58,61.11,60.49,61.09
1577311200,61.35,61.8,61.08,61.7
1577397600,61.7,61.95,61.25,61.63
1577656800,61.68,62.31,61.1,61.63
1577743200,61.62,61.86,60.63,61.35
1577916000,61.19,61.44,60.66,61.14
1578002400,61.12,64.05,61.12,63.02
1578261600,63.72,64.69,62.66,62.8
1578348000,62.8,63.13,62.14,62.67
1578434400,62.79,65.62,59.17,59.95
1578520800,59.96,60.29,58.69,59.57
1578607200,59.58,59.77,58.88,59.16
1578866400,59,59.26,57.94,58.05
1578952800,58.01,58.71,57.76,58.12
1579039200,58.17,58.35,57.4,58.06
1579125600,58.05,58.86,57.59,58.55
1579212000,58.56,58.97,58.29,58.74
1579471200,59.32,59.61,58.55,58.63
1579557600,58.81,58.83,57.74,58.21
1579644000,58.23,58.35,56.05,56.05
1579730400,56.05,56.25,54.79,55.66
1579816800,55.65,55.95,53.89,54.24
1580076000,53.68,53.68,52.18,52.79
1580162400,52.74,54.05,52.71,53.95
1580248800,53.95,54.35,52.84,53.05
1580335200,53.05,53.18,51.69,52.91
1580421600,52.91,53.33,51,51.55
1580680800,50.98,51.95,49.86,49.88
1580767200,49.88,51.53,49.42,49.42
1580853600,49.41,51.85,49.41,51.15
1580940000,51.15,52.16,50.26,51.05
1581026400,51.05,51.46,50.12,50.4
1581285600,50.1,50.473,49.457,49.61
1581372000,49.56,50.679,49.56,49.92
1581458400,49.93,51.72,49.93,51.652
1581544800,51.71,51.95,50.63,51.5
1581631200,51.45,52.32,51.35,52.17
1581890400,52.24,52.31,51.84,52.296
1581976800,52.16,52.18,50.91,52.085
1582063200,52.11,53.6,51.948,53.515
1582149600,53.645,54.453,53.46,53.69
1582236000,53.715,53.83,52.57,53.31
1582495200,52.51,52.592,50.46,51.302
1582581600,51.315,52.01,49.728,50.065
1582668000,50.08,50.43,48.33,48.62
1582754400,48.48,48.75,45.91,46.31
1582840800,46.31,47.01,43.875,45.26
1583100000,44.345,47.512,44.06,47.48
1583186400,47.89,48.64,46.49,47.065
1583272800,46.96,48.39,46.67,47.16
1583359200,47.16,47.55,45.67,45.97
1583445600,45.985,46.365,41.09,41.505
1583704800,41.505,41.505,27.399,30.17
1583791200,30.4,34.985,30.21,34.7
1583877600,34.5,36.28,32.6,33.11
1583964000,32.985,33.6,30.044,30.928
1584050400,31.025,33.981,30.37,33.247
1584309600,33.247,33.29,28.155,28.71
1584396000,28.71,30.3,26.66,26.9
1584482400,26.895,27.21,20.077,22.33
1584568800,22.27,27.68,21.385,27.68
1584655200,26.3,28.455,22.425,23.4
1584914400,23.4,24.045,20.835,23.71
1585000800,23.85,25.139,23.116,24.263
1585087200,24.325,25.201,22.937,24.25
1585173600,24.25,24.625,22.407,23.22
1585260000,23.22,23.385,20.911,21.8
1585519200,21.8,21.8,19.293,20.23
1585605600,20.2,21.865,20.03,20.1
1585692000,20.025,21.52,19.944,21.175
1585778400,21.29,27.32,20.795,24.83
1585864800,24.855,29.11,23.55,28.79
1586124000,28.79,28.79,25.945,26.29
1586210400,26.29,27.211,23.575,24.175
1586296800,24.15,26.41,23.775,26.1
1586383200,26.12,28.315,22.615,23.17
1586728800,23.17,24.56,22.07,22.36
1586815200,22.36,23.025,19.995,20.665
1586901600,20.74,20.9,19.265,20.159
1586988000,20.31,20.61,19.6,19.78
1587074400,20.19,20.315,17.47,18.437
1587333600,18.437,18.437,0.009,0.009
1587420000,21.338,21.34,6.595,13.03
1587506400,13.025,16.209,10.345,14.324
1587592800,14.266,18.522,13.525,17.091
1587679200,16.94,18.104,15.822,17.314
1587938400,17.314,17.314,12.041,13.014
1588024800,12.925,13.78,10.267,13.273
1588111200,13.285,16.725,12.731,15.355
1588197600,15.49,19.38,15.49,19.045
1588284000,18.87,20.39,18.103,19.695
1588543200,19.695,23.758,19.695,23.502
1588629600,23.692,27.323,23.403,27.11
1588716000,27.578,27.95,24.572,25.488
1588802400,25.866,27.768,24.404,24.825
1588888800,24.87,26.264,24.783,26.103
1589148000,26.103,26.703,24.812,25.4
1589234400,25.4,26.843,25.176,25.84
1589320800,25.798,26.938,25.267,25.98
1589407200,25.985,28.244,25.592,28
1589493600,28,29.792,27.554,29.79
1589752800,29.79,33.063,29.587,32.24
1589839200,32.25,32.888,31.148,31.851
1589925600,31.897,33.751,31.602,33.485
1590012000,33.49,34.636,33.283,33.842
1590098400,33.843,33.979,30.732,33.563
1590357600,33.563,34.159,32.503,33.84
1590444000,33.83,34.784,33.408,34.13
1590530400,34.133,34.299,31.802,32.197
1590616800,32.04,34.19,31.164,33.695
1590703200,33.693,35.752,32.389,35.185
1590962400,35.185,35.874,34.296,35.542
1591048800,35.549,37.041,35.309,36.829
1591135200,36.826,38.153,35.911,36.732
1591221600,36.724,37.595,36.398,37.29
1591308000,37.27,39.649,37.067,39.065
1591567200,39.825,40.421,37.98,38.22
1591653600,38.23,39.079,37.097,38.372
1591740000,38.426,39.886,37.749,39.015
1591826400,39.017,39.03,35.435,36.11
1591912800,36.255,36.95,34.535,36.5
1592172000,36.5,37.234,34.381,37.023
1592258400,37.015,39.04,36.405,37.875
1592344800,37.873,38.73,37.226,37.686
1592431200,37.685,38.95,37.132,38.835
1592517600,38.84,40.49,38.412,39.42
1592776800,39.42,40.755,39.035,40.555
1592863200,40.65,41.605,39.775,39.985
1592949600,39.99,40.515,37.325,38.035
1593036000,38.04,39.205,37.1,39.065
1593122400,39.065,39.325,37.805,38.165
1593381600,38.165,39.865,37.54,39.625
1593468000,39.63,40.055,38.875,39.825
1593554400,39.83,40.555,39.075,39.745
1593640800,39.74,40.725,39.49,40.355
1593727200,40.35,40.475,39.865,40.23
1593986400,40.23,41.055,40.165,40.58
1594072800,40.61,40.925,39.915,40.445
1594159200,40.44,41.065,40.325,40.865
1594245600,40.855,40.97,39.285,39.565
1594332000,39.565,40.745,38.555,40.58
1594591200,40.565,40.695,39.515,39.59
1594677600,39.605,40.54,39.105,40.525
1594764000,40.515,41.235,40.105,40.98
1594850400,40.96,41.165,40.535,40.7
1594936800,40.705,40.875,40.04,40.575
1595196000,40.575,40.895,39.85,40.775
1595282400,40.77,42.485,40.765,41.535
1595368800,41.53,42,41.165,41.935
1595455200,41.94,42.34,40.855,41.045
1595541600,41.035,41.645,40.675,41.24
1595800800,41.24,41.795,40.505,41.675
1595887200,41.67,41.905,40.875,41.11
1595973600,41.11,41.545,40.945,41.305
1596060000,41.305,41.375,38.745,40.335
1596146400,40.345,40.525,39.68,40.44
1596405600,40.44,41.215,39.605,40.765
1596492000,40.77,42.06,40.155,41.475
1596578400,41.475,43.495,41.475,42.15
1596664800,42.15,42.635,41.635,41.935
1596751200,41.955,42.195,41.085,41.53
1597010400,41.53,42.305,41.25,41.94
1597096800,41.94,42.915,41.505,41.63
1597183200,41.64,42.875,41.56,42.525
1597269600,42.52,42.82,42.105,42.33
1597356000,42.335,42.55,41.635,42.2
1597615200,42.2,42.94,41.822,42.78
1597701600,42.758,42.967,42.132,42.517
1597788000,42.516,43.009,42.371,42.895
1597874400,42.894,42.949,41.661,42.726
1597960800,42.724,42.933,41.478,42.272
1598220000,42.272,42.861,42.255,42.385
1598306400,42.384,43.549,42.373,43.367
1598392800,43.366,43.754,43.027,43.443
1598479200,43.445,43.487,42.389,42.956
1598565600,42.954,43.396,42.71,42.926
1598824800,42.926,43.544,42.577,42.791
1598911200,42.792,43.414,42.743,43.005
1598997600,43.006,43.184,41.249,41.565
1599084000,41.562,41.765,40.245,41.259
1599170400,41.205,41.85,39.379,39.424
1599429600,39.424,39.566,38.58,39.06
1599516000,39.109,39.303,36.15,36.763
1599602400,36.759,38.426,36.19,37.772
1599688800,37.766,38.154,36.957,36.997
1599775200,36.995,37.79,36.7,37.296
1600034400,37.296,37.651,36.849,37.299
1600120800,37.295,38.541,37.08,38.395
1600207200,38.393,40.321,38.384,40.149
1600293600,40.174,41.2,39.447,40.94
1600380000,40.934,41.463,40.321,40.876
1600639200,40.876,41.249,38.675,39.773
1600725600,39.772,40.231,39.22,39.737
1600812000,39.736,40.701,39.281,39.585
1600898400,39.58,40.341,39.15,40.139
1600984800,40.13,40.611,39.74,40.091
1601244000,40.091,40.772,39.796,40.521
1601330400,40.524,40.675,38.44,39.125
1601416800,39.126,40.34,38.706,39.918
1601503200,39.917,40.435,37.639,38.557
1601589600,38.556,38.626,36.66,37.008
1601848800,37.008,39.687,37.008,39.347
1601935200,39.338,40.832,39.129,39.774
1602021600,39.775,40.321,39.3,40.012
1602108000,40.008,41.351,39.779,41.351
1602194400,41.349,41.442,40.41,40.546
1602453600,40.546,40.546,39.069,39.5
1602540000,39.49,40.502,39.38,40.167
1602626400,40.168,41.134,39.849,41.132
1602712800,41.125,41.27,39.248,40.843
1602799200,40.837,41.02,40.11,40.74
1603058400,40.74,41.205,40.57,40.695
1603144800,40.93,41.87,40.487,41.133
1603231200,41.143,41.569,39.805,39.978
1603317600,40.012,40.992,39.737,40.583
1603404000,40.59,40.891,39.6,39.715
1603663200,39.715,39.715,38.309,38.575
1603749600,38.58,39.805,38.535,38.955
1603836000,38.96,38.995,36.995,37.35
1603922400,37.345,37.74,34.95,36.05
1604008800,36.045,36.575,35.225,35.72
1604268000,35.72,37.125,33.665,37.065
1604354400,37.02,38.295,36.595,38.12
1604440800,38.14,39.225,37.275,39.12
1604527200,39.145,39.335,38.3,38.5
1604613600,38.565,38.6,37.085,37.38
1604872800,37.38,41.285,37.195,39.815
1604959200,39.9,41.815,39.435,41.78
1605045600,41.77,43.035,41.335,41.395
1605132000,41.46,42.165,40.89,40.91
1605218400,40.91,40.915,40.115,40.115
1605477600,40.115,42.075,40.115,41.445
1605564000,41.41,41.675,40.59,41.36
1605650400,41.32,42.44,41.095,41.59
1605736800,41.55,41.965,41.105,41.72
1605823200,41.84,42.515,41.635,42.42
1606082400,42.42,43.335,42.315,42.83
1606168800,42.84,45.175,42.835,44.785
1606255200,44.8,46.235,44.755,45.845
1606341600,45.88,46.065,44.75,44.975
1606428000,44.87,45.68,44.575,45.54
1606687200,45.54,45.785,44.445,45.045
1606773600,45.07,45.675,44.145,44.38
1606860000,44.355,45.895,43.935,44.93
1606946400,44.95,45.815,44.685,45.62
1607032800,45.62,46.655,45.62,46.11
1607292000,46.11,46.525,45.375,45.615
1607378400,45.62,45.905,45.165,45.58
1607464800,45.59,46.225,44.98,45.675
1607551200,45.67,47.715,45.545,46.95
1607637600,46.95,47.275,46.375,46.56
1607896800,46.56,47.415,45.735,47.005
1607983200,46.98,47.715,46.565,47.575
1608069600,47.605,47.915,47.195,47.87
1608156000,47.85,48.575,47.83,48.375
1608242400,48.36,49.265,48.12,49.03
1608501600,49.03,49.293,46.271,47.84
1608588000,47.86,47.941,46.628,46.764
1608674400,46.783,48.478,46.179,48.047
1608760800,48.04,48.589,47.589,48.289
1609106400,48.289,48.94,47.53,47.674
1609192800,47.703,48.32,47.703,48.078
1609279200,48.08,48.639,47.63,48.288
1609365600,48.315,48.4,47.798,48.181
1609711200,48.181,49.802,47.2,47.335
1609797600,47.385,50.177,47.269,49.805
1609884000,49.793,50.914,49.499,50.509
1609970400,50.488,51.255,50.412,50.905
1610056800,50.92,52.719,50.836,52.605
1610316000,52.605,52.683,51.527,52.162
1610402400,52.16,53.407,52.093,53.263
1610488800,53.29,53.901,52.608,52.842
1610575200,52.818,53.72,52.265,53.695
1610661600,53.755,53.811,51.856,52.11
1610920800,52.11,52.522,51.784,52.067
1611007200,52.132,53.11,52.132,52.99
1611093600,53.069,53.805,52.859,52.943
1611180000,52.903,53.384,52.769,53.004
1611266400,53.092,53.132,51.46,52.063
1611525600,52.063,52.919,51.839,52.855
1611612000,52.905,53.22,52.318,52.735
1611698400,52.763,53.271,51.87,52.611
1611784800,52.623,53.55,52.079,52.079
1611871200,52.136,53.22,51.959,52.169
1612130400,52.169,53.71,51.664,53.517
1612216800,53.445,55.236,53.445,55.028
1612303200,55.054,56.309,54.83,55.918
1612389600,55.934,56.561,55.32,56.449
1612476000,56.428,57.266,56.428,56.949
1612735200,56.949,58.121,56.949,58.075
1612821600,58.075,58.593,57.29,58.389
1612908000,58.411,58.88,58.109,58.369
1612994400,58.35,58.68,57.869,57.881
1613080800,57.9,59.792,57.428,59.609
1613340000,59.609,60.924,59.609,60.112
1613426400,60.121,60.305,59.36,60.123
1613512800,60.215,61.704,59.46,61.698
1613599200,61.655,62.245,59.809,60.254
1613685600,60.093,60.27,58.602,58.93
1613944800,58.93,62.171,58.855,62.171
1614031200,62.148,62.971,60.694,61.183
1614117600,61.22,63.481,60.989,63.44
1614204000,63.382,63.79,62.669,63.452
1614290400,63.435,63.547,61.363,61.53
1614549600,61.53,62.897,59.989,60.203
1614636000,60.22,61.19,59.405,59.444
1614722400,59.547,61.97,59.27,61.034
1614808800,61.085,64.839,60.551,63.997
1614895200,64.12,66.371,63.837,66.263
1615154400,66.263,67.944,64.595,64.653
1615240800,64.7,65.953,63.673,63.79
1615327200,63.829,64.931,63.16,64.678
1615413600,64.68,66.183,64.568,65.892
1615500000,65.93,66.203,65.431,65.571
1615759200,65.571,66.379,64.163,65.21
1615845600,65.22,65.408,63.829,64.81
1615932000,64.832,65.312,63.618,64.4
1616018400,64.4,64.802,58.251,59.535
1616104800,59.54,61.749,58.95,61.423
1616364000,61.423,62.011,60.379,61.258
1616450400,61.25,61.333,57.278,57.388
1616536800,57.386,61.312,57.319,60.823
1616623200,60.793,60.838,57.46,58.455
1616709600,58.45,61.332,58.346,60.799
1616968800,60.799,61.741,59.439,61.587
1617055200,61.795,62.245,59.969,60.374
1617141600,60.39,61.15,58.88,59.43
1617228000,59.427,61.721,58.9,61.245
1617573600,61.245,61.381,57.65,58.778
1617660000,58.923,60.87,58.645,59.22
1617746400,59.221,60.02,58.139,59.475
1617832800,59.482,59.912,58.847,59.762
1617919200,59.763,59.921,59.13,59.359
1618178400,59.359,60.74,58.75,59.63
1618264800,59.645,60.571,59.645,60.443
1618351200,60.435,63.415,60.399,62.823
1618437600,62.827,63.543,62.56,63.3
1618524000,63.308,63.854,62.849,63.072
1618783200,63.072,63.62,62.651,63.479
1618869600,63.508,64.358,61.529,62.389
1618956000,62.392,62.54,60.887,61.113
1619042400,61.108,61.849,60.639,61.639
1619128800,61.633,62.405,61.279,62.109
1619388000,62.109,62.281,60.69,61.945
1619474400,61.949,63.271,61.935,63.071
1619560800,63.073,64.492,62.699,63.675
1619647200,63.68,65.44,63.666,64.846
1619733600,64.84,64.932,63.11,63.459
1619992800,63.459,64.653,62.941,64.482
1620079200,64.495,66.285,64.319,66.285
1620165600,66.281,66.731,64.949,65.282
1620252000,65.24,65.956,64.53,64.845
1620338400,64.865,65.212,63.93,64.833
1620597600,64.833,65.72,63.973,64.852
1620684000,64.875,65.461,63.71,65.457
1620770400,65.458,66.6,64.991,65.749
1620856800,65.748,65.793,63.115,63.78
1620943200,63.78,65.464,63.359,65.462
1621202400,65.462,66.402,64.86,66.288
1621288800,66.293,66.988,64.135,65.267
1621375200,65.258,65.327,61.981,63.363
1621461600,63.34,63.922,61.696,61.922
1621548000,61.923,64.041,61.581,63.848
1621807200,63.848,66.113,63.653,66.012
1621893600,65.995,66.493,65.43,65.99
1621980000,66.005,66.404,65.27,66.147
1622066400,66.153,66.913,65.49,66.913
1622152800,66.9,67.494,66.196,66.599
1622412000,66.599,67.38,66.429,67
1622498400,66.985,68.85,66.912,67.979
1622584800,67.971,68.973,67.801,68.753
1622671200,68.74,69.374,68.21,68.883
1622757600,68.87,69.734,68.358,69.38
1623016800,69.38,69.973,68.954,69.24
1623103200,69.25,70.25,68.49,70.012
1623189600,69.997,70.604,69.478,69.735
1623276000,69.736,70.621,68.708,70.083
1623362400,70.092,71.211,69.699,70.787
1623621600,70.787,71.76,70.69,71.165
1623708000,71.153,72.466,70.836,72.44
1623794400,72.435,72.96,71.635,71.65
1623880800,71.665,72.281,69.798,71.047
1623967200,71.053,72.141,70.179,71.41
1624226400,71.41,73.944,71.17,73.025
1624312800,73.034,73.441,72.49,73.061
1624399200,72.885,74.221,72.838,73.24
1624485600,73.25,73.579,72.346,73.29
1624572000,73.283,74.155,72.88,73.974
1624831200,73.974,74.421,72.648,72.752
1624917600,72.757,73.78,72,73.447
1625004000,73.44,74.119,72.838,73.495
1625090400,73.497,76.198,73.41,75.01
1625176800,74.99,75.58,74.44,75.099
1625436000,75.099,76.305,74.778,76.28
1625522400,76.3,76.954,72.966,73.75
1625608800,73.78,74.841,71.101,72.175
1625695200,72.173,73.244,70.79,73.244
1625781600,73.255,74.734,72.749,74.67
1626040800,74.67,74.901,73.188,74.163
1626127200,74.165,75.472,73.698,75.177
1626213600,75.172,75.42,72.258,72.905
1626300000,72.886,72.932,71.442,71.454
1626386400,71.455,72.274,70.43,71.428
1626645600,71.428,71.656,65.603,66.57
1626732000,66.59,67.58,65.108,66.394
1626818400,66.423,70.481,66.423,70.233
1626904800,70.227,72.002,69.881,71.73
1626991200,71.72,72.092,71.429,72.059
1627250400,72.059,72.404,70.594,72.183
1627336800,72.185,72.303,71.1,71.876
1627423200,71.884,72.57,71.729,72.379
1627509600,72.383,73.656,72.289,73.389
1627596000,73.37,74.21,72.96,73.659
1627855200,73.659,73.891,70.585,71.57
1627941600,71.58,71.922,69.216,70.195
1628028000,70.303,70.781,67.879,68.009
1628114400,68.025,69.331,67.631,69.089
1628200800,69.105,70.159,67.828,67.974
1628460000,67.974,67.974,65.169,66.833
1628546400,66.845,68.871,66.587,68.47
1628632800,68.47,69.42,66.69,69.32
1628719200,69.325,69.601,68.48,68.895
1628805600,68.9,69.193,67.8,67.934
1629064800,67.934,68.248,65.761,67.405
1629151200,67.411,67.69,66.36,66.55
1629237600,66.553,67.466,64.372,64.58
1629324000,64.58,64.738,62.648,63.615
1629410400,63.608,64.01,61.874,61.921
1629669600,61.921,65.969,61.76,65.47
1629756000,65.48,67.776,65.439,67.615
1629842400,67.612,68.51,66.95,67.97
1629928800,67.973,68.28,67.04,67.75
1630015200,67.765,69.021,67.547,68.648
1630274400,68.648,69.597,67.699,69.11
1630360800,69.123,69.317,68.19,68.535
1630447200,68.52,69.212,67.15,68.24
1630533600,68.25,70.587,67.877,69.762
1630620000,69.74,70.51,69.127,69.204
1630879200,69.204,69.46,68.279,68.79
1630965600,68.79,69.391,67.66,68.32
1631052000,68.325,69.72,68.325,69.375
1631138400,69.345,69.86,67.599,67.956
1631224800,67.956,69.93,67.709,69.579
1631484000,69.579,70.943,69.539,70.61
1631570400,70.615,71.19,70.009,70.759
1631656800,70.735,73.114,70.679,72.62
1631743200,72.63,72.97,71.556,72.43
1631829600,72.517,72.691,71.239,71.894
1632088800,71.894,72.056,70.222,70.543